{
    "task": "forecast",
    "final_loss": 0.6356176733970642,
    "final_val_loss": 0.7742128372192383,
    "window_size": 128
}