{
  "best_score": 6.477829085638057,
  "best_params": {
    "B": 0.0,
    "lambda_u": 0.032393145586751576,
    "lambda_du": 0.0023689613193314204,
    "horizon_seconds": 0.8603619439973472
  }
}