{
  "best_score": 7.500647295261745,
  "best_params": {
    "B": 0.013699004613977885,
    "lambda_u": 0.01533633406281229,
    "lambda_du": 0.0013162097699434506,
    "horizon_seconds": 0.666473977638651
  }
}