{
  "mpc": {
    "B": 0.013699004613977885,
    "lambda_u": 0.01533633406281229,
    "lambda_du": 0.0013162097699434506,
    "horizon_seconds": 0.666473977638651,
    "u_min": -1.0,
    "u_max": 1.0,
    "iters": 120
  },
  "control": {
    "interval_s": 0.0011627674102783203,
    "phase_offset_rad": 3.141592653589793
  },
  "prediction": {
    "phase_horizon_s": 0.2
  }
}